Last Name,Last Name Origin
Abbott,Western European
Acevedo,Latin European
Acosta,Latin European
Adams,Western European
Adkins,Western European
Aguilar,Latin European
Aguirre,Latin European
Alexander,Western European
Ali,Asian
Allen,Western European
Allison,Western European
Alvarado,Latin European
Alvarez,Latin European
Andersen,Western European
Anderson,Western European
Andrade,Latin European
Andrews,Western European
Anthony,Western European
Archer,Western European
Arellano,Latin European
Arias,Latin European
Armstrong,Western European
Arnold,Western European
Arroyo,Latin European
Ashley,Western European
Atkins,Western European
Atkinson,Western European
Austin,Western European
Avery,Western European
Avila,Latin European
Ayala,Latin European
Ayers,Western European
Bailey,Western European
Baird,Western European
Baker,Western European
Baldwin,Western European
Ball,Western European
Ballard,Western European
Banks,Western European
Barajas,Latin European
Barber,Western European
Barker,Western European
Barnes,Western European
Barnett,Western European
Barr,Western European
Barrera,Latin European
Barrett,Western European
Barron,Latin European
Barry,Western European
Bartlett,Western European
Barton,Western European
Bass,Western European
Bates,Western European
Bauer,Western European
Bautista,Latin European
Baxter,Western European
Bean,Western European
Beard,Western European
Beasley,Western European
Beck,Western European
Becker,Western European
Bell,Western European
Beltran,Western European
Bender,Western European
Benitez,Latin European
Benjamin,Western European
Bennett,Western European
Benson,Western European
Bentley,Western European
Benton,Western European
Berg,Western European
Berger,Western European
Bernard,Western European
Berry,Western European
Best,Western European
Bird,Western European
Bishop,Western European
Black,Western European
Blackburn,Western European
Blackwell,Western European
Blair,Western European
Blake,Western European
Blanchard,Western European
Blankenship,Western European
Blevins,Western European
Bolton,Western European
Bond,Western European
Bonilla,Latin European
Booker,Western European
Boone,Western European
Booth,Western European
Bowen,Western European
Bowers,Western European
Bowman,Western European
Boyd,Western European
Boyer,Western European
Boyle,Western European
Bradford,Western European
Bradley,Western European
Bradshaw,Western European
Brady,Western European
Branch,Western European
Brandt,Western European
Braun,Western European
Bray,Western European
Brennan,Western European
Brewer,Western European
Bridges,Western European
Briggs,Western European
Bright,Western European
Brock,Western European
Brooks,Western European
Brown,Western European
Browning,Western European
Bruce,Western European
Bryan,Western European
Bryant,Western European
Buchanan,Western European
Buck,Western European
Buckley,Western European
Bullock,Western European
Burch,Western European
Burgess,Western European
Burke,Western European
Burnett,Western European
Burns,Western European
Burton,Western European
Bush,Western European
Butler,Western European
Byrd,Western European
Cabrera,Latin European
Cain,Western European
Calderon,Latin European
Caldwell,Western European
Calhoun,Western European
Callahan,Western European
Camacho,Latin European
Cameron,Western European
Campbell,Western European
Campos,Latin European
Cannon,Western European
Cantrell,Western European
Cantu,Western European
Cardenas,Latin European
Carey,Western European
Carlson,Western European
Carney,Western European
Carpenter,Western European
Carr,Western European
Carrillo,Latin European
Carroll,Western European
Carson,Western European
Carter,Western European
Case,Western European
Casey,Western European
Castaneda,Latin European
Castillo,Latin European
Castro,Latin European
Cervantes,Latin European
Chambers,Western European
Chan,Asian
Chandler,Western European
Chaney,Western European
Chang,Asian
Chapman,Western European
Charles,Western European
Chase,Western European
Chavez,Latin European
Chen,Asian
Cherry,Western European
Choi,Asian
Christensen,Western European
Christian,Western European
Chung,Asian
Church,Western European
Cisneros,Latin European
Clark,Western European
Clarke,Western European
Clay,Western European
Clayton,Western European
Clements,Western European
Cline,Western European
Cobb,Western European
Cochran,Western European
Coffey,Western European
Cohen,Western European
Cole,Western European
Coleman,Western European
Collier,Western European
Collins,Western European
Colon,Latin European
Combs,Western European
Compton,Western European
Conley,Western European
Conner,Western European
Conrad,Western European
Contreras,Latin European
Conway,Western European
Cook,Western European
Cooke,Western European
Cooley,Western European
Cooper,Western European
Copeland,Western European
Cordova,Latin European
Cortez,Latin European
Costa,Latin European
Cowan,Western European
Cox,Western European
Craig,Western European
Crane,Western European
Crawford,Western European
Crosby,Western European
Cross,Western European
Cruz,Latin European
Cuevas,Latin European
Cummings,Western European
Cunningham,Western European
Curry,Western European
Curtis,Western European
Dalton,Western European
Daniel,Western European
Daniels,Western European
Daugherty,Western European
Davenport,Western European
David,Western European
Davidson,Western European
Davies,Western European
Davila,Western European
Davis,Western European
Dawson,Western European
Day,Western European
Dean,Western European
Decker,Western European
Delacruz,Latin European
Deleon,Latin European
Delgado,Latin European
Dennis,Western European
Diaz,Latin European
Dickerson,Western European
Dickson,Western European
Dillon,Western European
Dixon,Western European
Dodson,Western European
Dominguez,Latin European
Donaldson,Western European
Donovan,Western European
Dorsey,Western European
Dougherty,Western European
Douglas,Western European
Downs,Western European
Doyle,Western European
Drake,Western European
Duarte,Latin European
Dudley,Western European
Duffy,Western European
Duke,Western European
Duncan,Western European
Dunlap,Western European
Dunn,Western European
Duran,Latin European
Durham,Western European
Dyer,Western European
Eaton,Western European
Edwards,Western European
Elliott,Western European
Ellis,Western European
Ellison,Western European
English,Western European
Erickson,Western European
Escobar,Latin European
Esparza,Latin European
Espinoza,Latin European
Estes,Western European
Estrada,Latin European
Evans,Western European
Everett,Western European
Ewing,Western European
Farley,Western European
Farmer,Western European
Farrell,Western European
Faulkner,Western European
Ferguson,Western European
Fernandez,Latin European
Ferrell,Western European
Fields,Western European
Figueroa,Latin European
Finley,Western European
Fischer,Western European
Fisher,Western European
Fitzgerald,Western European
Fitzpatrick,Western European
Fleming,Western European
Fletcher,Western European
Flores,Latin European
Flowers,Western European
Floyd,Western European
Flynn,Western European
Foley,Western European
Forbes,Western European
Ford,Western European
Foster,Western European
Fowler,Western European
Fox,Western European
Francis,Western European
Franco,Latin European
Frank,Western European
Franklin,Western European
Frazier,Western European
Frederick,Western European
Freeman,Western European
French,Western European
Frey,Western European
Friedman,Western European
Fritz,Western European
Frost,Western European
Fry,Western European
Frye,Western European
Fuentes,Latin European
Fuller,Western European
Gaines,Western European
Gallagher,Western European
Gallegos,Latin European
Galloway,Western European
Galvan,Latin European
Gamble,Western European
Garcia,Latin European
Gardner,Western European
Garner,Western European
Garrett,Western European
Garrison,Western European
Garza,Latin European
Gates,Western European
Gay,Western European
Gentry,Western European
George,Western European
Gibbs,Western European
Gibson,Western European
Gilbert,Western European
Giles,Western European
Gill,Western European
Gillespie,Western European
Gilmore,Western European
Glass,Western European
Glenn,Western European
Glover,Western European
Golden,Western European
Gomez,Latin European
Gonzales,Latin European
Gonzalez,Latin European
Good,Western European
Goodman,Western European
Goodwin,Western European
Gordon,Western European
Gould,Western European
Graham,Western European
Grant,Western European
Graves,Western European
Gray,Western European
Green,Western European
Greene,Western European
Greer,Western European
Gregory,Western European
Griffin,Western European
Griffith,Western European
Grimes,Western European
Gross,Western European
Guerra,Latin European
Guerrero,Latin European
Gutierrez,Latin European
Guzman,Latin European
Haas,Western European
Hahn,Western European
Hale,Western European
Haley,Western European
Hall,Western European
Hamilton,Western European
Hammond,Western European
Hampton,Western European
Hancock,Western European
Haney,Western European
Hanna,Western European
Hansen,Western European
Hanson,Western European
Hardin,Western European
Harding,Western European
Hardy,Western European
Harmon,Western European
Harper,Western European
Harrell,Western European
Harrington,Western European
Harris,Western European
Harrison,Western European
Hart,Western European
Hartman,Western European
Harvey,Western European
Hatfield,Western European
Hawkins,Western European
Hayden,Western European
Hayes,Western European
Haynes,Western European
Hays,Western European
Heath,Western European
Hebert,Western European
Henderson,Western European
Hendricks,Western European
Hendrix,Western European
Henry,Western European
Hensley,Western European
Henson,Western European
Herman,Western European
Hernandez,Latin European
Herrera,Latin European
Herring,Western European
Hess,Western European
Hester,Western European
Hickman,Western European
Hicks,Western European
Higgins,Western European
Hill,Western European
Hines,Western European
Hinton,Western European
Ho,Western European
Hobbs,Western European
Hodge,Western European
Hodges,Western European
Hoffman,Western European
Hogan,Western European
Holden,Western European
Holder,Western European
Holland,Western European
Holloway,Western European
Holmes,Western European
Holt,Western European
Hood,Western European
Hooper,Western European
Hoover,Western European
Hopkins,Western European
Horn,Western European
Horne,Western European
Horton,Western European
House,Western European
Houston,Western European
Howard,Western European
Howe,Western European
Howell,Western European
Huang,Western European
Hubbard,Western European
Huber,Western European
Hudson,Western European
Huerta,Latin European
Huff,Western European
Huffman,Western European
Hughes,Western European
Hull,Western European
Humphrey,Western European
Hunt,Western European
Hunter,Western European
Hurley,Western European
Hurst,Western European
Hutchinson,Western European
Huynh,Western European
Ibarra,Latin European
Ingram,Western European
Irwin,Western European
Jackson,Western European
Jacobs,Western European
Jacobson,Western European
James,Western European
Jarvis,Western European
Jefferson,Western European
Jenkins,Western European
Jennings,Western European
Jensen,Western European
Jimenez,Latin European
Johns,Western European
Johnson,Western European
Johnston,Western European
Jones,Western European
Jordan,Western European
Joseph,Western European
Joyce,Western European
Juarez,Latin European
Kaiser,Western European
Kane,Western European
Kaufman,Western European
Keith,Western European
Keller,Western European
Kelley,Western European
Kelly,Western European
Kemp,Western European
Kennedy,Western European
Kent,Western European
Kerr,Western European
Key,Western European
Khan,Western European
Kidd,Western European
Kim,Western European
King,Western European
Kirby,Western European
Kirk,Western European
Klein,Western European
Kline,Western European
Knapp,Western European
Knight,Western European
Knox,Western European
Koch,Western European
Kramer,Western European
Krause,Western European
Krueger,Western European
Lam,Western European
Lamb,Western European
Lambert,Western European
Landry,Western European
Lane,Western European
Lang,Western European
Lara,Latin European
Larsen,Western European
Larson,Western European
Lawrence,Western European
Lawson,Western European
Le,Asian
Leach,Western European
Leblanc,Western European
Lee,Western European
Leon,Latin European
Leonard,Western European
Lester,Western European
Levine,Western European
Levy,Western European
Lewis,Western European
Li,Asian
Lin,Asian
Lindsey,Western European
Little,Western European
Liu,Asian
Livingston,Western European
Lloyd,Western European
Logan,Western European
Long,Western European
Lopez,Latin European
Love,Western European
Lowe,Western European
Lowery,Western European
Lozano,Latin European
Lucas,Latin European
Lucero,Latin European
Luna,Latin European
Lutz,Western European
Lynch,Western European
Lynn,Western European
Lyons,Western European
Macdonald,Western European
Macias,Latin European
Mack,Western European
Madden,Western European
Maddox,Western European
Mahoney,Western European
Maldonado,Latin European
Malone,Western European
Mann,Western European
Manning,Western European
Marks,Western European
Marquez,Latin European
Marsh,Western European
Marshall,Western European
Martin,Latin European
Martinez,Latin European
Mason,Western European
Massey,Western European
Mata,Latin European
Mathews,Western European
Mathis,Western European
Matthews,Western European
Maxwell,Western European
May,Western European
Mayer,Western European
Maynard,Western European
Mayo,Western European
Mays,Western European
Mcbride,Western European
Mccall,Western European
Mccann,Western European
Mccarthy,Western European
Mccarty,Western European
Mcclain,Western European
Mcclure,Western European
Mcconnell,Western European
Mccormick,Western European
Mccoy,Western European
Mccullough,Western European
Mcdaniel,Western European
Mcdonald,Western European
Mcdowell,Western European
Mcfarland,Western European
Mcgee,Western European
Mcgrath,Western European
Mcguire,Western European
Mcintosh,Western European
Mcintyre,Western European
Mckay,Western European
Mckee,Western European
Mckenzie,Western European
Mckinney,Western European
Mcknight,Western European
Mclaughlin,Western European
Mclean,Western European
Mcmahon,Western European
Mcmillan,Western European
Mcneil,Western European
Mcpherson,Western European
Meadows,Western European
Medina,Latin European
Mejia,Latin European
Melendez,Latin European
Melton,Western European
Mendez,Latin European
Mendoza,Latin European
Mercado,Latin European
Mercer,Western European
Merritt,Western European
Meyer,Western European
Meyers,Western European
Meza,Latin European
Michael,Western European
Middleton,Western European
Miles,Western European
Miller,Western European
Mills,Western European
Miranda,Latin European
Mitchell,Western European
Molina,Latin European
Monroe,Western European
Montes,Western European
Montgomery,Western European
Montoya,Latin European
Moody,Western European
Moon,Western European
Mooney,Western European
Moore,Western European
Mora,Western European
Morales,Latin European
Moran,Latin European
Moreno,Latin European
Morgan,Western European
Morris,Western European
Morrison,Western European
Morrow,Western European
Morse,Western European
Morton,Western European
Moses,Western European
Mosley,Western European
Moss,Western European
Moyer,Western European
Mueller,Western European
Mullen,Western European
Mullins,Western European
Munoz,Latin European
Murillo,Latin European
Murphy,Western European
Murray,Western European
Myers,Western European
Nash,Western European
Navarro,Latin European
Neal,Western European
Nelson,Western European
Newman,Western European
Newton,Western European
Nguyen,Asian
Nichols,Western European
Nicholson,Western European
Nielsen,Western European
Nixon,Western European
Noble,Western European
Nolan,Western European
Norman,Western European
Norris,Western European
Norton,Western European
Novak,Western European
Nunez,Latin European
Obrien,Western European
Ochoa,Latin European
Oconnell,Western European
Oconnor,Western European
Odom,Western European
Odonnell,Western European
Oliver,Western European
Olsen,Western European
Olson,Western European
Oneal,Western European
Oneill,Western European
Orozco,Latin European
Orr,Western European
Ortega,Latin European
Ortiz,Latin European
Osborn,Western European
Osborne,Western European
Owen,Western European
Owens,Western European
Pace,Western European
Pacheco,Latin European
Padilla,Latin European
Page,Western European
Palmer,Western European
Park,Western European
Parker,Western European
Parks,Western European
Parrish,Western European
Parsons,Western European
Patel,Asian
Patrick,Western European
Patterson,Western European
Patton,Western European
Paul,Western European
Payne,Western European
Pearson,Western European
Peck,Western European
Pena,Latin European
Pennington,Western European
Perez,Latin European
Perkins,Western European
Perry,Western European
Peters,Western European
Petersen,Western European
Peterson,Western European
Petty,Western European
Pham,Asian
Phelps,Western European
Phillips,Western European
Pierce,Western European
Pineda,Latin European
Pittman,Western European
Pitts,Western European
Pollard,Western European
Ponce,Latin European
Poole,Western European
Pope,Western European
Porter,Western European
Potter,Western European
Potts,Western European
Powell,Western European
Powers,Western European
Pratt,Western European
Preston,Western European
Price,Western European
Prince,Western European
Proctor,Western European
Pruitt,Western European
Pugh,Western European
Quinn,Western European
Ramirez,Latin European
Ramos,Latin European
Ramsey,Western European
Randall,Western European
Randolph,Western European
Rangel,Western European
Rasmussen,Western European
Ray,Western European
Raymond,Western European
Reed,Western European
Reese,Western European
Reeves,Western European
Reid,Western European
Reilly,Western European
Reyes,Latin European
Reynolds,Western European
Rhodes,Western European
Rice,Western European
Rich,Western European
Richard,Western European
Richards,Western European
Richardson,Western European
Richmond,Western European
Riddle,Western European
Riggs,Western European
Riley,Western European
Rios,Latin European
Ritter,Western European
Rivas,Latin European
Rivera,Latin European
Rivers,Western European
Roach,Western European
Robbins,Western European
Roberson,Western European
Roberts,Western European
Robertson,Western European
Robinson,Western European
Robles,Latin European
Rocha,Latin European
Rodgers,Western European
Rodriguez,Latin European
Rogers,Western European
Rojas,Latin European
Rollins,Western European
Roman,Latin European
Romero,Latin European
Rosales,Latin European
Rosario,Latin European
Rose,Western European
Ross,Western European
Roth,Western European
Rowe,Western European
Rowland,Western European
Roy,Western European
Rubio,Latin European
Ruiz,Latin European
Rush,Western European
Russell,Western European
Russo,Latin European
Ryan,Western European
Salas,Latin European
Salazar,Latin European
Salinas,Latin European
Sampson,Western European
Sanchez,Latin European
Sanders,Western European
Sandoval,Latin European
Sanford,Western European
Santana,Latin European
Santiago,Latin European
Santos,Latin European
Saunders,Western European
Savage,Western European
Sawyer,Western European
Schaefer,Western European
Schmidt,Western European
Schmitt,Western European
Schneider,Western European
Schroeder,Western European
Schultz,Western European
Schwartz,Western European
Scott,Western European
Sellers,Western European
Serrano,Latin European
Sexton,Western European
Shaffer,Western European
Shah,Western European
Shannon,Western European
Sharp,Western European
Shaw,Western European
Shea,Western European
Shelton,Western European
Shepard,Western European
Shepherd,Western European
Sheppard,Western European
Sherman,Western European
Shields,Western European
Short,Western European
Silva,Latin European
Simmons,Western European
Simon,Western European
Simpson,Western European
Sims,Western European
Singh,Asian
Singleton,Western European
Skinner,Western European
Sloan,Western European
Small,Western European
Smith,Western European
Snow,Western European
Snyder,Western European
Solis,Latin European
Solomon,Western European
Sosa,Latin European
Soto,Latin European
Sparks,Western European
Spears,Western European
Spence,Western European
Spencer,Western European
Stafford,Western European
Stanley,Western European
Stanton,Western European
Stark,Western European
Steele,Western European
Stein,Western European
Stephens,Western European
Stephenson,Western European
Stevens,Western European
Stevenson,Western European
Stewart,Western European
Stokes,Western European
Stone,Western European
Stout,Western European
Strickland,Western European
Strong,Western European
Stuart,Western European
Suarez,Latin European
Sullivan,Western European
Summers,Western European
Sutton,Western European
Swanson,Western European
Sweeney,Western European
Tanner,Western European
Tapia,Latin European
Tate,Western European
Taylor,Western European
Terrell,Western European
Terry,Western European
Thomas,Western European
Thompson,Western European
Thornton,Western European
Todd,Western European
Torres,Latin European
Townsend,Western European
Tran,Asian
Travis,Western European
Trevino,Latin European
Trujillo,Latin European
Tucker,Western European
Turner,Western European
Tyler,Western European
Underwood,Western European
Valdez,Latin European
Valencia,Latin European
Valentine,Western European
Valenzuela,Latin European
Vance,Western European
Vang,Asian
Vargas,Latin European
Vasquez,Latin European
Vaughan,Western European
Vaughn,Western European
Vazquez,Latin European
Vega,Latin European
Velasquez,Latin European
Velazquez,Latin European
Velez,Latin European
Villa,Latin European
Villanueva,Latin European
Villarreal,Latin European
Villegas,Latin European
Vincent,Western European
Wade,Western European
Wagner,Western European
Walker,Western European
Wall,Western European
Wallace,Western European
Waller,Western European
Walls,Western European
Walsh,Western European
Walter,Western European
Walters,Western European
Walton,Western European
Wang,Asian
Ward,Western European
Ware,Western European
Warner,Western European
Warren,Western European
Washington,Western European
Waters,Western European
Watkins,Western European
Watson,Western European
Watts,Western European
Weaver,Western European
Webb,Western European
Weber,Western European
Webster,Western European
Weeks,Western European
Weiss,Western European
Welch,Western European
Wells,Western European
Werner,Western European
West,Western European
Wheeler,Western European
Whitaker,Western European
White,Western European
Whitehead,Western European
Whitney,Western European
Wiggins,Western European
Wilcox,Western European
Wiley,Western European
Wilkerson,Western European
Wilkins,Western European
Wilkinson,Western European
Williams,Western European
Williamson,Western European
Willis,Western European
Wilson,Western European
Winters,Western European
Wise,Western European
Wolf,Western European
Wolfe,Western European
Wong,Asian
Wood,Western European
Woodard,Western European
Woods,Western European
Woodward,Western European
Wright,Western European
Wu,Asian
Wyatt,Western European
Yang,Asian
Yates,Western European
Yoder,Western European
York,Western European
Young,Western European
Yu,Asian
Zamora,Western European
Zavala,Latin European
Zhang,Asian
Zimmerman,Western European
Zuniga,Latin European
